SampleID,Gene1,Gene2,Gene3
S1,5.333333333333333,2.0,7.666666666666667
S2,2.0,7.666666666666667,2.0
S3,7.666666666666667,5.333333333333333,5.333333333333333
